dp_limit,avg_guesses
20,3.440657334144857
40,3.4284844796104688
60,3.4065733414485697
80,3.4035301278149728
100,3.4035301278149728
150,3.3962264150943398
200,3.3962264150943398
300,3.3962264150943398
